DIA_TIPO,TOTAL_MU30DF,TOTAL_HG30DF,TOTAL_HL30DF,TOTAL_VEHICULOS,NUM_ACCIDENTES,TOPSIS_SCORE,MULTIPLICADOR_RIESGO
Entre Semana,0.01582470878019462,0.0823405977605692,1.230213902814401,1.7737587765467742,575682,0.2835447915901955,0.8
Fin de Semana,0.024294549361499686,0.1156409858936599,1.3024497672106436,1.661618888277145,187079,0.7164552084098045,1.2
