ZONA_AGRUPADA,TOTAL_MU30DF,TOTAL_HG30DF,TOTAL_HL30DF,TOTAL_VEHICULOS,NUM_ACCIDENTES,TOPSIS_SCORE,MULTIPLICADOR_RIESGO
1,0.035512612276938325,0.12230634828188701,1.3661051161747524,1.745612924463802,276437,0.7164552084098045,1.2
2,0.007891858102828567,0.07243319268635724,1.1807580954260946,1.7466195375922224,486324,0.2835447915901954,0.8
